<drawing><figures><llabelDoubleUm id="0"><points><p colinear="true" x="588.9174077460107" y="192" c1x="213" c1y="116" c2x="213" c2y="116"/><p colinear="true" x="588.7555269281914" y="241" c1x="213" c1y="116" c2x="213" c2y="116"/></points><startConnector><rConnector id="1"><Owner><rel id="2"><children><diamond id="3" x="536" y="142" w="106" h="50"><a><fillColor><color rgba="#ffddddff"/></fillColor></a></diamond><t id="4" x="570.6578750610352" y="160.99995803833008"><a><text><string>produz</string></text></a></t></children></rel></Owner></rConnector></startConnector><endConnector><rConnector id="5"><Owner><ent id="6"><children><r id="7" x="510" y="241" w="157.37890625" h="40"><a><fillColor><color rgba="#ffebffe8"/></fillColor></a></r><t id="8" x="550.6731948852539" y="254.99995803833008"><a><text><string>Departamento</string></text></a></t></children></ent></Owner></rConnector></endConnector><a><innerStrokeWidthFactor><double>3</double></innerStrokeWidthFactor></a></llabelDoubleUm><ent ref="6"/><ent id="9"><children><r id="a" x="554" y="443" w="80" h="40"><a><fillColor><color rgba="#ffebffe8"/></fillColor></a></r><t id="b" x="559.649772644043" y="456.9999580383301"><a><text><string>Componente</string></text></a></t></children></ent><atrchave id="c" nullable="false" attributeType="NUMBER"><children><e id="d" x="265" y="317" w="80" h="20"><a><fillColor><color rgba="#ffffebeb"/></fillColor></a></e><t id="e" x="286.2734375" y="319.7080078125"><a><fontUnderlined><boolean>true</boolean></fontUnderlined><fontBold><boolean>true</boolean></fontBold><text><string>nome</string></text></a></t></children></atrchave><lcaf id="f"><points><p colinear="true" x="326.3219269584207" y="337" c1x="213" c1y="116" c2x="213" c2y="116"/><p colinear="true" x="554" y="443.7811898453494" c1x="213" c1y="116" c2x="213" c2y="116"/></points><startConnector><rConnector id="10"><Owner><atrchave ref="c"/></Owner></rConnector></startConnector><endConnector><rConnector id="11"><Owner><ent ref="9"/></Owner></rConnector></endConnector></lcaf><ent id="12"><children><r id="13" x="1034" y="243" w="127.98828125" h="40"><a><fillColor><color rgba="#ffebffe8"/></fillColor></a></r><t id="14" x="1079.316017150879" y="256.9999580383301"><a><text><string>Pedido</string></text></a></t></children></ent><atrchave id="15" nullable="false" attributeType="NUMBER"><children><e id="16" x="1259" y="228" w="80" h="20"><a><fillColor><color rgba="#ffffebeb"/></fillColor></a></e><t id="17" x="1292.75390625" y="230.7080078125"><a><fontUnderlined><boolean>true</boolean></fontUnderlined><fontBold><boolean>true</boolean></fontBold><text><string>id</string></text></a></t></children></atrchave><atr id="18" nullable="false" attributeType="VARCHAR2(128)"><children><e id="19" x="259" y="485" w="102.646484375" h="20"><a><fillColor><color rgba="#ffffebeb"/></fillColor></a></e><t id="1a" x="269" y="487.7080078125"><a><text><string>valor_compra</string></text></a></t></children></atr><lcaf id="1b"><points><p colinear="true" x="1161.98828125" y="255.04076179371327" c1x="213" c1y="116" c2x="213" c2y="116"/><p colinear="true" x="1259" y="242.97497935189233" c1x="213" c1y="116" c2x="213" c2y="116"/></points><startConnector><rConnector id="1c"><Owner><ent ref="12"/></Owner></rConnector></startConnector><endConnector><rConnector id="1d"><Owner><atrchave ref="15"/></Owner></rConnector></endConnector></lcaf><atr id="1e" nullable="false" attributeType="VARCHAR2(128)"><children><e id="1f" x="265" y="365" w="80" h="20"><a><fillColor><color rgba="#ffffebeb"/></fillColor></a></e><t id="20" x="293.609375" y="367.7080078125"><a><text><string>tipo</string></text></a></t></children></atr><lcaf id="21"><points><p colinear="true" x="554" y="450.56429931169663" c1x="213" c1y="116" c2x="213" c2y="116"/><p colinear="true" x="337.95206893574107" y="385" c1x="213" c1y="116" c2x="213" c2y="116"/></points><startConnector><rConnector id="22"><Owner><ent ref="9"/></Owner></rConnector></startConnector><endConnector><rConnector id="23"><Owner><atr ref="1e"/></Owner></rConnector></endConnector></lcaf><ent id="24"><children><r id="25" x="557" y="712" w="80" h="40"><a><fillColor><color rgba="#ffebffe8"/></fillColor></a></r><t id="26" x="566.3217926025391" y="725.9999580383301"><a><text><string>Fornecedor</string></text></a></t></children></ent><rel id="27"><children><diamond id="28" x="1019" y="693" w="175.740234375" h="70"><a><fillColor><color rgba="#ffddddff"/></fillColor></a></diamond><t id="29" x="1051.177734375" y="721.9999580383301"><a><text><string>fornecedor escolhido</string></text></a></t></children></rel><llabelMuitos id="2a"><points><p colinear="true" x="1106.2020329301076" y="693" c1x="213" c1y="116" c2x="213" c2y="116"/><p colinear="true" x="1098.3759030577958" y="283" c1x="213" c1y="116" c2x="213" c2y="116"/></points><startConnector><rConnector id="2b"><Owner><rel ref="27"/></Owner></rConnector></startConnector><endConnector><rConnector id="2c"><Owner><ent ref="12"/></Owner></rConnector></endConnector><a><text><string>N</string></text></a></llabelMuitos><entrel id="2d"><children><r id="2e" x="892" y="444" w="80" h="40"><a><fillColor><color rgba="#ffebffe8"/></fillColor></a></r><diamond id="2f" x="894" y="446" w="74" h="34"><a><fillColor><color rgba="#ffddddff"/></fillColor></a></diamond><t id="30" x="912.3258666992188" y="457.9999580383301"><a><text><string>cont&#xe9;m</string></text></a></t></children></entrel><llabelDoubleMuitos id="31"><points><p colinear="true" x="892" y="463.8813133133007" c1x="205.92771084337346" c1y="111" c2x="205.92771084337346" c2y="111"/><p colinear="true" x="635.956413269043" y="463.1215891893082" c1x="205.92771084337346" c1y="111" c2x="205.92771084337346" c2y="111"/></points><startConnector><rConnector id="32"><Owner><entrel ref="2d"/></Owner></rConnector></startConnector><endConnector><rConnector id="33"><Owner><ent ref="9"/></Owner></rConnector></endConnector><a><innerStrokeWidthFactor><double>3</double></innerStrokeWidthFactor><text><string>N</string></text></a></llabelDoubleMuitos><rel id="34"><children><diamond id="35" x="387" y="570" w="237" h="72"><a><fillColor><color rgba="#ffddddff"/></fillColor></a></diamond><t id="36" x="409.78734588623047" y="599.9999580383301"><a><text><string>fornecedor principal do componente</string></text></a></t></children></rel><llabelDoubleUm id="37"><points><p colinear="true" x="532.7269259861537" y="642" c1x="213" c1y="116" c2x="213" c2y="116"/><p colinear="true" x="582.7170946635897" y="712" c1x="213" c1y="116" c2x="213" c2y="116"/></points><startConnector><rConnector id="38"><Owner><rel ref="34"/></Owner></rConnector></startConnector><endConnector><rConnector id="39"><Owner><ent ref="24"/></Owner></rConnector></endConnector><a><innerStrokeWidthFactor><double>3</double></innerStrokeWidthFactor></a></llabelDoubleUm><llabelMuitos id="3a"><points><p colinear="true" x="529.1616010599203" y="570" c1x="213" c1y="116" c2x="213" c2y="116"/><p colinear="true" x="582.6760373682409" y="483" c1x="213" c1y="116" c2x="213" c2y="116"/></points><startConnector><rConnector id="3b"><Owner><rel ref="34"/></Owner></rConnector></startConnector><endConnector><rConnector id="3c"><Owner><ent ref="9"/></Owner></rConnector></endConnector><a><text><string>M</string></text></a></llabelMuitos><ent id="3d"><children><r id="3e" x="754" y="147" w="80" h="40"><a><fillColor><color rgba="#ffebffe8"/></fillColor></a></r><t id="3f" x="774.9918670654297" y="160.99995803833008"><a><text><string>ve&#xed;culo</string></text></a></t></children></ent><rel ref="2"/><llabelMuitos id="40"><points><p colinear="true" x="642" y="167" c1x="213" c1y="116" c2x="213" c2y="116"/><p colinear="true" x="754" y="167" c1x="213" c1y="116" c2x="213" c2y="116"/></points><startConnector><rConnector id="41"><Owner><rel ref="2"/></Owner></rConnector></startConnector><endConnector><rConnector id="42"><Owner><ent ref="3d"/></Owner></rConnector></endConnector><a><text><string>N</string></text></a></llabelMuitos><atr id="43" nullable="false" attributeType="VARCHAR2(128)"><children><e id="44" x="241" y="405" w="136.150390625" h="20"><a><fillColor><color rgba="#ffffebeb"/></fillColor></a></e><t id="45" x="265.5576171875" y="407.7080078125"><a><text><string>minimo_quant</string></text></a></t></children></atr><atr id="46" nullable="false" attributeType="VARCHAR2(128)"><children><e id="47" x="256" y="442" w="103.150390625" h="20"><a><fillColor><color rgba="#ffffebeb"/></fillColor></a></e><t id="48" x="277.88700103759766" y="445.9999580383301"><a><text><string>quantidade</string></text></a></t></children></atr><atr id="49" nullable="false" attributeType="VARCHAR2(128)"><children><e id="4a" x="597" y="784" w="80" h="20"><a><fillColor><color rgba="#ffffebeb"/></fillColor></a></e><t id="4b" x="621.9939041137695" y="787.9999580383301"><a><text><string>nome</string></text></a></t></children></atr><atrchave id="4c" nullable="false" attributeType="NUMBER"><children><e id="4d" x="490" y="786" w="80" h="20"><a><fillColor><color rgba="#ffffebeb"/></fillColor></a></e><t id="4e" x="517.6639175415039" y="789.9999580383301"><a><fontUnderlined><boolean>true</boolean></fontUnderlined><fontBold><boolean>true</boolean></fontBold><text><string>cnpj</string></text></a></t></children></atrchave><lcaf id="4f"><points><p colinear="true" x="576.0625" y="752" c1x="213" c1y="116" c2x="213" c2y="116"/><p colinear="true" x="540.46875" y="786" c1x="213" c1y="116" c2x="213" c2y="116"/></points><startConnector><rConnector id="50"><Owner><ent ref="24"/></Owner></rConnector></startConnector><endConnector><rConnector id="51"><Owner><atrchave ref="4c"/></Owner></rConnector></endConnector></lcaf><lcaf id="52"><points><p colinear="true" x="609.9032258064516" y="752" c1x="213" c1y="116" c2x="213" c2y="116"/><p colinear="true" x="630.5483870967741" y="784" c1x="213" c1y="116" c2x="213" c2y="116"/></points><startConnector><rConnector id="53"><Owner><ent ref="24"/></Owner></rConnector></startConnector><endConnector><rConnector id="54"><Owner><atr ref="49"/></Owner></rConnector></endConnector></lcaf><atrchave id="55" nullable="false" attributeType="NUMBER"><children><e id="56" x="915" y="135" w="80" h="20"><a><fillColor><color rgba="#ffffebeb"/></fillColor></a></e><t id="57" x="936.3218765258789" y="138.99995803833008"><a><fontUnderlined><boolean>true</boolean></fontUnderlined><fontBold><boolean>true</boolean></fontBold><text><string>chassi</string></text></a></t></children></atrchave><lcaf id="58"><points><p colinear="true" x="834" y="161.53416149068323" c1x="213" c1y="116" c2x="213" c2y="116"/><p colinear="true" x="915" y="150.46583850931677" c1x="213" c1y="116" c2x="213" c2y="116"/></points><startConnector><rConnector id="59"><Owner><ent ref="3d"/></Owner></rConnector></startConnector><endConnector><rConnector id="5a"><Owner><atrchave ref="55"/></Owner></rConnector></endConnector></lcaf><lcaf id="5b"><points><p colinear="true" x="554" y="456.12020566218666" c1x="213" c1y="116" c2x="213" c2y="116"/><p colinear="true" x="368.6383226712545" y="425" c1x="213" c1y="116" c2x="213" c2y="116"/></points><startConnector><rConnector id="5c"><Owner><ent ref="9"/></Owner></rConnector></startConnector><endConnector><rConnector id="5d"><Owner><atr ref="43"/></Owner></rConnector></endConnector></lcaf><lcaf id="5e"><points><p colinear="true" x="554" y="461.43160908124696" c1x="213" c1y="116" c2x="213" c2y="116"/><p colinear="true" x="359.150390625" y="453.97397774584147" c1x="213" c1y="116" c2x="213" c2y="116"/></points><startConnector><rConnector id="5f"><Owner><ent ref="9"/></Owner></rConnector></startConnector><endConnector><rConnector id="60"><Owner><atr ref="46"/></Owner></rConnector></endConnector></lcaf><atrchave id="61" nullable="false" attributeType="NUMBER"><children><e id="62" x="392" y="217" w="80" h="20"><a><fillColor><color rgba="#ffffebeb"/></fillColor></a></e><t id="63" x="405.32982635498047" y="220.99995803833008"><a><fontUnderlined><boolean>true</boolean></fontUnderlined><fontBold><boolean>true</boolean></fontBold><text><string>cod_dept</string></text></a></t></children></atrchave><lcaf id="64"><points><p colinear="true" x="472" y="235.67958865690247" c1x="213" c1y="116" c2x="213" c2y="116"/><p colinear="true" x="510" y="243.9251978809598" c1x="213" c1y="116" c2x="213" c2y="116"/></points><startConnector><rConnector id="65"><Owner><atrchave ref="61"/></Owner></rConnector></startConnector><endConnector><rConnector id="66"><Owner><ent ref="6"/></Owner></rConnector></endConnector></lcaf><atr id="67" nullable="false" attributeType="VARCHAR2(128)"><children><e id="68" x="393" y="247" w="80" h="20"><a><fillColor><color rgba="#ffffebeb"/></fillColor></a></e><t id="69" x="423.3279342651367" y="250.99995803833008"><a><text><string>tipo</string></text></a></t></children></atr><lcaf id="6a"><points><p colinear="true" x="473" y="258.02768682649" c1x="213" c1y="116" c2x="213" c2y="116"/><p colinear="true" x="510" y="258.97829714099333" c1x="213" c1y="116" c2x="213" c2y="116"/></points><startConnector><rConnector id="6b"><Owner><atr ref="67"/></Owner></rConnector></startConnector><endConnector><rConnector id="6c"><Owner><ent ref="6"/></Owner></rConnector></endConnector></lcaf><t id="6d" x="440" y="299"><a><fontSize><double>9</double></fontSize><text><string>Caso o tipo seja &quot;Compra&quot; ent&#xe3;o este n&#xe3;o ir&#xe1; participar dos outros relacionamentos</string></text></a></t><rel id="6e"><children><diamond id="6f" x="773" y="243" w="80" h="40"><a><fillColor><color rgba="#ffddddff"/></fillColor></a></diamond><t id="70" x="794.6578750610352" y="256.9999580383301"><a><text><string>autoria</string></text></a></t></children></rel><llabelDoubleUm id="71"><points><p colinear="true" x="773" y="262.64335158950604" c1x="213" c1y="116" c2x="213" c2y="116"/><p colinear="true" x="667.37890625" y="261.7016117094918" c1x="213" c1y="116" c2x="213" c2y="116"/></points><startConnector><rConnector id="72"><Owner><rel ref="6e"/></Owner></rConnector></startConnector><endConnector><rConnector id="73"><Owner><ent ref="6"/></Owner></rConnector></endConnector><a><innerStrokeWidthFactor><double>3</double></innerStrokeWidthFactor></a></llabelDoubleUm><llabelMuitos id="74"><points><p colinear="true" x="853" y="263" c1x="213" c1y="116" c2x="213" c2y="116"/><p colinear="true" x="1034" y="263" c1x="213" c1y="116" c2x="213" c2y="116"/></points><startConnector><rConnector id="75"><Owner><rel ref="6e"/></Owner></rConnector></startConnector><endConnector><rConnector id="76"><Owner><ent ref="12"/></Owner></rConnector></endConnector><a><text><string>N</string></text></a></llabelMuitos><entrel id="77"><children><r id="78" x="501" y="350" w="177.86328125" h="40"><a><fillColor><color rgba="#ffebffe8"/></fillColor></a></r><diamond id="79" x="501" y="350" w="177.86328125" h="40"><a><fillColor><color rgba="#ffddddff"/></fillColor></a></diamond><t id="7a" x="524.5671997070312" y="363.9999580383301"><a><text><string>componente_necessario</string></text></a></t></children></entrel><llabelMuitos id="7b"><points><p colinear="true" x="589.7037163130734" y="350" c1x="213" c1y="116" c2x="213" c2y="116"/><p colinear="true" x="588.9173774369266" y="281" c1x="213" c1y="116" c2x="213" c2y="116"/></points><startConnector><rConnector id="7c"><Owner><entrel ref="77"/></Owner></rConnector></startConnector><endConnector><rConnector id="7d"><Owner><ent ref="6"/></Owner></rConnector></endConnector><a><text><string>N</string></text></a></llabelMuitos><llabelMuitos id="7e"><points><p colinear="true" x="591.0169236378003" y="390" c1x="213" c1y="116" c2x="213" c2y="116"/><p colinear="true" x="593.8929236217211" y="443" c1x="213" c1y="116" c2x="213" c2y="116"/></points><startConnector><rConnector id="7f"><Owner><entrel ref="77"/></Owner></rConnector></startConnector><endConnector><rConnector id="80"><Owner><ent ref="9"/></Owner></rConnector></endConnector><a><text><string>M</string></text></a></llabelMuitos><entrel id="81"><children><r id="82" x="676" y="598" w="80" h="40"><a><fillColor><color rgba="#ffebffe8"/></fillColor></a></r><diamond id="83" x="678" y="600" w="74" h="34"><a><fillColor><color rgba="#ffddddff"/></fillColor></a></diamond><t id="84" x="695.989860534668" y="611.9999580383301"><a><text><string>fornece</string></text></a></t></children></entrel><llabelDoubleMuitos id="85"><points><p colinear="true" x="700.384284727035" y="598" c1x="213" c1y="116" c2x="213" c2y="116"/><p colinear="true" x="610.5939219074864" y="483" c1x="213" c1y="116" c2x="213" c2y="116"/></points><startConnector><rConnector id="86"><Owner><entrel ref="81"/></Owner></rConnector></startConnector><endConnector><rConnector id="87"><Owner><ent ref="9"/></Owner></rConnector></endConnector><a><innerStrokeWidthFactor><double>3</double></innerStrokeWidthFactor><text><string>N</string></text></a></llabelDoubleMuitos><ent id="88"><children><r id="89" x="1209" y="521" w="80" h="40"><a><fillColor><color rgba="#ffebffe8"/></fillColor></a></r><t id="8a" x="1219.3237915039062" y="534.9999580383301"><a><text><string>Nota_fiscal</string></text></a></t></children></ent><rel id="8b"><children><diamond id="8c" x="1205" y="389" w="80" h="40"><a><fillColor><color rgba="#ffddddff"/></fillColor></a></diamond><t id="8d" x="1227.6598815917969" y="402.9999580383301"><a><text><string>Raz&#xe3;o</string></text></a></t></children></rel><llabelDoubleUm id="8e"><points><p colinear="true" x="1224.8622110445206" y="389" c1x="213" c1y="116" c2x="213" c2y="116"/><p colinear="true" x="1118.1319295804794" y="283" c1x="213" c1y="116" c2x="213" c2y="116"/></points><startConnector><rConnector id="8f"><Owner><rel ref="8b"/></Owner></rConnector></startConnector><endConnector><rConnector id="90"><Owner><ent ref="12"/></Owner></rConnector></endConnector><a><innerStrokeWidthFactor><double>3</double></innerStrokeWidthFactor></a></llabelDoubleUm><atrchave id="91" nullable="false" attributeType="NUMBER"><children><e id="92" x="1293" y="610" w="80" h="20"><a><fillColor><color rgba="#ffffebeb"/></fillColor></a></e><t id="93" x="1301.7548828125" y="612.7080078125"><a><fontUnderlined><boolean>true</boolean></fontUnderlined><fontBold><boolean>true</boolean></fontBold><text><string>cod_nota</string></text></a></t></children></atrchave><atr id="94" nullable="false" attributeType="VARCHAR2(128)"><children><e id="95" x="1261" y="270" w="86" h="29"><a><fillColor><color rgba="#ffffebeb"/></fillColor></a></e><t id="96" x="1265.568359375" y="277.2080078125"><a><text><string>data_criacao</string></text></a></t></children></atr><atr id="97" nullable="false" attributeType="VARCHAR2(128)"><children><e id="98" x="829" y="114" w="104.70857238769531" h="20"><a><fillColor><color rgba="#ffffebeb"/></fillColor></a></e><t id="99" x="834.6902236938477" y="116.7080078125"><a><text><string>valor_producao</string></text></a></t></children></atr><atr id="9a" nullable="false" attributeType="VARCHAR2(128)"><children><e id="9b" x="755" y="88" w="100.05253601074219" h="20"><a><fillColor><color rgba="#ffffebeb"/></fillColor></a></e><t id="9c" x="765" y="91.99995803833008"><a><text><string>data_producao</string></text></a></t></children></atr><lcaf id="9d"><points><p colinear="true" x="803.4282581495202" y="108" c1x="185" c1y="58" c2x="185" c2y="58"/><p colinear="true" x="797.1960197117018" y="147" c1x="185" c1y="58" c2x="185" c2y="58"/></points><startConnector><rConnector id="9e"><Owner><atr ref="9a"/></Owner></rConnector></startConnector><endConnector><rConnector id="9f"><Owner><ent ref="3d"/></Owner></rConnector></endConnector></lcaf><lcaf id="a0"><points><p colinear="true" x="861.0393359162086" y="134" c1x="185" c1y="58" c2x="185" c2y="58"/><p colinear="true" x="834" y="147.3100674856051" c1x="185" c1y="58" c2x="185" c2y="58"/></points><startConnector><rConnector id="a1"><Owner><atr ref="97"/></Owner></rConnector></startConnector><endConnector><rConnector id="a2"><Owner><ent ref="3d"/></Owner></rConnector></endConnector></lcaf><lcaf id="a3"><points><p colinear="true" x="1261" y="280.01226356956624" c1x="185" c1y="58" c2x="185" c2y="58"/><p colinear="true" x="1161.98828125" y="269.678810144584" c1x="185" c1y="58" c2x="185" c2y="58"/></points><startConnector><rConnector id="a4"><Owner><atr ref="94"/></Owner></rConnector></startConnector><endConnector><rConnector id="a5"><Owner><ent ref="12"/></Owner></rConnector></endConnector></lcaf><atr id="a6" nullable="false" attributeType="VARCHAR2(128)"><children><e id="a7" x="739" y="360" w="80" h="20"><a><fillColor><color rgba="#ffffebeb"/></fillColor></a></e><t id="a8" x="745.3994140625" y="362.7080078125"><a><text><string>quantidade</string></text></a></t></children></atr><lcaf id="a9"><points><p colinear="true" x="739" y="370" c1x="0" c1y="0" c2x="0" c2y="0"/><p colinear="true" x="678.86328125" y="370" c1x="0" c1y="0" c2x="0" c2y="0"/></points><startConnector><rConnector id="aa"><Owner><atr ref="a6"/></Owner></rConnector></startConnector><endConnector><rConnector id="ab"><Owner><entrel ref="77"/></Owner></rConnector></endConnector></lcaf><lcaf id="ac"><points><p colinear="true" x="1322.367088607595" y="610" c1x="0" c1y="0" c2x="0" c2y="0"/><p colinear="true" x="1270.26582278481" y="561" c1x="0" c1y="0" c2x="0" c2y="0"/></points><startConnector><rConnector id="ad"><Owner><atrchave ref="91"/></Owner></rConnector></startConnector><endConnector><rConnector id="ae"><Owner><ent ref="88"/></Owner></rConnector></endConnector></lcaf><llabelDoubleMuitos id="af"><points><p colinear="true" x="1245.6060606060605" y="429" c1x="0" c1y="0" c2x="0" c2y="0"/><p colinear="true" x="1248.3939393939395" y="521" c1x="0" c1y="0" c2x="0" c2y="0"/></points><startConnector><rConnector id="b0"><Owner><rel ref="8b"/></Owner></rConnector></startConnector><endConnector><rConnector id="b1"><Owner><ent ref="88"/></Owner></rConnector></endConnector><a><innerStrokeWidthFactor><double>3</double></innerStrokeWidthFactor><text><string>N</string></text></a></llabelDoubleMuitos><llabelDoubleMuitos id="b2"><points><p colinear="true" x="695.1228070175439" y="638" c1x="0" c1y="0" c2x="0" c2y="0"/><p colinear="true" x="617.8771929824561" y="712" c1x="0" c1y="0" c2x="0" c2y="0"/></points><startConnector><rConnector id="b3"><Owner><entrel ref="81"/></Owner></rConnector></startConnector><endConnector><rConnector id="b4"><Owner><ent ref="24"/></Owner></rConnector></endConnector><a><innerStrokeWidthFactor><double>3</double></innerStrokeWidthFactor><text><string>M</string></text></a></llabelDoubleMuitos><llabelDoubleMuitos id="b5"><points><p colinear="true" x="948.5168299129353" y="444" c1x="0" c1y="0" c2x="0" c2y="0"/><p colinear="true" x="1081.4773107120648" y="283" c1x="0" c1y="0" c2x="0" c2y="0"/></points><startConnector><rConnector id="b6"><Owner><entrel ref="2d"/></Owner></rConnector></startConnector><endConnector><rConnector id="b7"><Owner><ent ref="12"/></Owner></rConnector></endConnector><a><innerStrokeWidthFactor><double>3</double></innerStrokeWidthFactor><text><string>M</string></text></a></llabelDoubleMuitos><llabelDoubleUm id="b8"><points><p colinear="true" x="1019" y="728.6893529487251" c1x="0" c1y="0" c2x="0" c2y="0"/><p colinear="true" x="637" y="731.6861945922963" c1x="0" c1y="0" c2x="0" c2y="0"/></points><startConnector><rConnector id="b9"><Owner><rel ref="27"/></Owner></rConnector></startConnector><endConnector><rConnector id="ba"><Owner><ent ref="24"/></Owner></rConnector></endConnector><a><innerStrokeWidthFactor><double>3</double></innerStrokeWidthFactor></a></llabelDoubleUm><lcaf id="bb"><points><p colinear="true" x="361.646484375" y="489.230405385023" c1x="0" c1y="0" c2x="0" c2y="0"/><p colinear="true" x="554" y="467.6066388297568" c1x="0" c1y="0" c2x="0" c2y="0"/></points><startConnector><rConnector id="bc"><Owner><atr ref="18"/></Owner></rConnector></startConnector><endConnector><rConnector id="bd"><Owner><ent ref="9"/></Owner></rConnector></endConnector></lcaf><atr id="be" nullable="false" attributeType="VARCHAR2(128)"><children><e id="bf" x="1279" y="313" w="86" h="29"><a><fillColor><color rgba="#ffffebeb"/></fillColor></a></e><t id="c0" x="1309.2734375" y="320.2080078125"><a><text><string>cnpj</string></text></a></t></children></atr><lcaf id="c1"><points><p colinear="true" x="1161.98828125" y="281.42640224603497" c1x="0" c1y="0" c2x="0" c2y="0"/><p colinear="true" x="1279" y="315.1186274424323" c1x="0" c1y="0" c2x="0" c2y="0"/></points><startConnector><rConnector id="c2"><Owner><ent ref="12"/></Owner></rConnector></startConnector><endConnector><rConnector id="c3"><Owner><atr ref="be"/></Owner></rConnector></endConnector></lcaf><atr id="c4" nullable="false" attributeType="VARCHAR2(128)"><children><e id="c5" x="896" y="557" w="80" h="20"><a><fillColor><color rgba="#ffffebeb"/></fillColor></a></e><t id="c6" x="902.3994140625" y="559.7080078125"><a><text><string>quantidade</string></text></a></t></children></atr><lcaf id="c7"><points><p colinear="true" x="932.7766990291262" y="484" c1x="0" c1y="0" c2x="0" c2y="0"/><p colinear="true" x="935.6116504854369" y="557" c1x="0" c1y="0" c2x="0" c2y="0"/></points><startConnector><rConnector id="c8"><Owner><entrel ref="2d"/></Owner></rConnector></startConnector><endConnector><rConnector id="c9"><Owner><atr ref="c4"/></Owner></rConnector></endConnector></lcaf><atr id="ca" nullable="false" attributeType="VARCHAR2(128)"><children><e id="cb" x="621" y="85" w="104.70857238769531" h="20"><a><fillColor><color rgba="#ffffebeb"/></fillColor></a></e><t id="cc" x="651.6599502563477" y="87.7080078125"><a><text><string>estagio</string></text></a></t></children></atr><lcaf id="cd"><points><p colinear="true" x="690.1106353335911" y="105" c1x="0" c1y="0" c2x="0" c2y="0"/><p colinear="true" x="760.4873017205132" y="147" c1x="0" c1y="0" c2x="0" c2y="0"/></points><startConnector><rConnector id="ce"><Owner><atr ref="ca"/></Owner></rConnector></startConnector><endConnector><rConnector id="cf"><Owner><ent ref="3d"/></Owner></rConnector></endConnector></lcaf></figures></drawing>